Date;Price(EUR/Ons)
30.12.2011;764.7267
2.01.2012;768.1167
3.01.2012;774.6667
4.01.2012;783.9400
5.01.2012;791.3900
6.01.2012;797.8033
9.01.2012;797.3367
10.01.2012;813.8367
11.01.2012;825.3233
12.01.2012;833.5500
13.01.2012;819.6633
16.01.2012;832.0600
17.01.2012;838.3300
18.01.2012;831.1600
19.01.2012;833.4067
20.01.2012;822.9867
23.01.2012;835.6333
24.01.2012;830.9500
25.01.2012;831.6500
26.01.2012;851.9333
27.01.2012;854.2667
30.01.2012;852.9900
31.01.2012;858.2833
1.02.2012;860.0100
2.02.2012;863.9100
3.02.2012;863.4400
6.02.2012;858.1033
7.02.2012;857.7067
8.02.2012;860.8067
9.02.2012;862.7200
10.02.2012;856.9200
13.02.2012;859.8133
14.02.2012;854.9667
15.02.2012;859.4300
16.02.2012;861.6200
17.02.2012;861.5300
20.02.2012;859.9567
21.02.2012;865.7767
22.02.2012;876.2733
23.02.2012;887.0333
24.02.2012;878.2900
27.02.2012;870.3067
28.02.2012;873.9967
29.02.2012;876.9467
1.03.2012;860.6100
2.03.2012;867.3233
5.03.2012;858.4633
6.03.2012;844.6000
7.03.2012;844.6900
8.03.2012;849.3000
9.03.2012;855.0267
12.03.2012;864.6933
13.03.2012;869.6800
14.03.2012;862.2567
15.03.2012;857.5267
16.03.2012;856.2067
19.03.2012;851.2467
20.03.2012;843.9333
21.03.2012;839.3700
22.03.2012;830.7500
23.03.2012;832.9033
26.03.2012;836.4367
27.03.2012;844.7333
28.03.2012;836.3133
29.03.2012;834.0700
30.03.2012;833.0333
2.04.2012;834.5633
3.04.2012;840.8800
4.04.2012;832.2900
5.04.2012;828.9467
6.04.2012;830.9200
9.04.2012;830.2167
10.04.2012;835.8400
11.04.2012;833.1300
12.04.2012;831.3633
13.04.2012;835.3267
16.04.2012;831.8800
17.04.2012;825.3000
18.04.2012;829.6467
19.04.2012;828.3700
20.04.2012;822.5233
24.04.2012;814.3767
25.04.2012;813.2200
26.04.2012;816.2767
27.04.2012;821.8667
30.04.2012;821.6433
2.05.2012;821.5633
3.05.2012;818.2433
4.05.2012;811.0067
7.05.2012;817.8567
8.05.2012;812.4100
9.05.2012;800.5067
10.05.2012;802.1900
11.05.2012;793.2200
14.05.2012;786.8733
15.05.2012;785.7933
16.05.2012;785.1267
17.05.2012;791.8300
18.05.2012;800.9967
21.05.2012;804.9900
22.05.2012;801.8667
23.05.2012;793.1433
24.05.2012;799.8667
25.05.2012;798.4033
28.05.2012;806.6500
29.05.2012;807.1367
30.05.2012;799.9567
31.05.2012;805.5367
1.06.2012;802.0933
4.06.2012;806.8800
5.06.2012;813.1500
6.06.2012;832.7300
7.06.2012;823.3000
8.06.2012;805.0300
11.06.2012;812.2333
12.06.2012;814.9833
13.06.2012;824.5533
14.06.2012;830.0867
15.06.2012;830.3567
18.06.2012;825.8000
19.06.2012;831.3967
20.06.2012;816.1200
21.06.2012;808.9767
22.06.2012;807.5700
25.06.2012;809.0367
26.06.2012;811.4233
27.06.2012;802.2000
28.06.2012;803.9300
29.06.2012;801.9100
2.07.2012;808.7700
3.07.2012;822.0767
4.07.2012;827.7267
5.07.2012;831.1867
6.07.2012;828.0000
9.07.2012;826.5567
10.07.2012;830.8133
11.07.2012;821.0467
12.07.2012;819.0733
13.07.2012;827.0133
16.07.2012;829.1500
17.07.2012;824.8033
18.07.2012;820.1133
19.07.2012;818.4633
20.07.2012;821.7467
23.07.2012;823.7867
24.07.2012;824.7100
25.07.2012;828.5533
26.07.2012;832.4267
27.07.2012;830.5467
30.07.2012;833.2700
31.07.2012;834.5733
1.08.2012;822.3000
2.08.2012;820.3533
3.08.2012;820.7367
6.08.2012;817.4500
7.08.2012;818.2000
8.08.2012;818.9500
9.08.2012;825.9700
10.08.2012;825.0133
13.08.2012;826.8167
14.08.2012;820.0833
15.08.2012;817.8667
16.08.2012;822.7000
17.08.2012;836.0367
22.08.2012;853.6867
23.08.2012;859.7333
24.08.2012;860.3800
27.08.2012;859.9167
28.08.2012;855.2867
29.08.2012;853.4433
31.08.2012;848.1333
3.09.2012;865.1567
4.09.2012;866.9567
5.09.2012;870.8400
6.09.2012;877.2233
7.09.2012;871.2633
10.09.2012;876.2467
11.09.2012;876.7133
12.09.2012;882.0333
13.09.2012;880.5867
14.09.2012;894.8367
17.09.2012;889.5533
18.09.2012;879.2500
19.09.2012;882.1567
20.09.2012;877.3233
21.09.2012;883.4100
24.09.2012;877.2300
25.09.2012;882.2900
26.09.2012;886.6167
27.09.2012;889.2800
28.09.2012;895.9267
1.10.2012;895.1767
2.10.2012;900.8600
3.10.2012;899.5267
4.10.2012;907.1200
5.10.2012;906.7000
8.10.2012;895.9900
9.10.2012;902.9267
10.10.2012;898.6267
11.10.2012;899.5067
12.10.2012;893.7333
15.10.2012;880.3867
16.10.2012;873.9533
17.10.2012;873.2033
18.10.2012;874.2767
19.10.2012;867.8933
22.10.2012;863.8933
23.10.2012;854.5767
24.10.2012;847.0167
30.10.2012;846.6900
31.10.2012;850.2633
1.11.2012;856.5967
2.11.2012;852.5633
5.11.2012;847.9233
6.11.2012;852.5267
7.11.2012;865.1700
8.11.2012;860.2700
9.11.2012;872.2067
12.11.2012;873.2567
13.11.2012;876.4500
14.11.2012;876.3233
15.11.2012;870.1267
16.11.2012;862.7833
19.11.2012;866.0800
20.11.2012;869.5567
21.11.2012;866.6067
22.11.2012;866.1733
23.11.2012;865.2833
26.11.2012;868.1733
27.11.2012;874.5333
28.11.2012;870.4767
29.11.2012;866.7733
30.11.2012;866.2767
3.12.2012;855.3500
4.12.2012;845.9467
5.12.2012;846.7800
6.12.2012;843.2367
7.12.2012;857.2067
10.12.2012;867.8200
11.12.2012;864.1833
12.12.2012;866.3067
13.12.2012;853.4067
14.12.2012;851.1700
17.12.2012;841.4733
18.12.2012;845.5767
19.12.2012;829.4667
20.12.2012;824.8133
21.12.2012;812.4267
24.12.2012;815.9800
25.12.2012;817.4633
26.12.2012;816.2733
27.12.2012;809.6567
28.12.2012;812.9667
31.12.2012;812.7900
2.01.2013;823.3067
3.01.2013;834.7733
4.01.2013;823.5100
7.01.2013;828.2567
8.01.2013;825.7433
9.01.2013;837.6900
10.01.2013;842.8800
11.01.2013;835.2600
14.01.2013;837.0067
15.01.2013;849.4367
16.01.2013;847.6900
17.01.2013;849.3133
18.01.2013;850.4000
21.01.2013;848.9567
22.01.2013;852.4400
23.01.2013;855.5867
24.01.2013;849.4233
25.01.2013;840.7267
28.01.2013;835.8333
29.01.2013;834.2800
30.01.2013;833.5433
31.01.2013;830.3567
1.02.2013;824.6433
4.02.2013;832.7233
5.02.2013;839.4900
6.02.2013;846.0800
7.02.2013;844.8233
8.02.2013;849.4933
11.02.2013;846.3233
12.02.2013;837.6400
13.02.2013;843.0200
14.02.2013;849.1567
15.02.2013;835.8267
18.02.2013;831.2767
19.02.2013;833.6433
20.02.2013;820.8733
21.02.2013;809.6433
22.02.2013;813.8400
25.02.2013;815.5933
26.02.2013;819.8967
27.02.2013;826.3833
28.02.2013;816.9367
1.03.2013;810.7633
4.03.2013;815.9500
5.03.2013;815.8067
6.03.2013;817.0300
7.03.2013;821.1733
8.03.2013;814.2067
11.03.2013;821.1267
12.03.2013;821.7500
13.03.2013;822.9400
14.03.2013;823.8367
15.03.2013;820.6700
18.03.2013;825.6200
19.03.2013;826.2667
20.03.2013;826.1500
21.03.2013;831.6933
22.03.2013;830.1267
25.03.2013;822.3467
26.03.2013;827.2000
27.03.2013;831.6600
28.03.2013;833.2833
29.03.2013;834.2467
1.04.2013;832.6300
2.04.2013;833.4967
3.04.2013;821.8133
4.04.2013;806.2167
5.04.2013;801.2367
8.04.2013;804.2033
9.04.2013;802.8933
10.04.2013;799.3100
11.04.2013;792.3667
12.04.2013;789.6133
15.04.2013;736.4000
16.04.2013;723.5400
17.04.2013;719.5933
18.04.2013;728.1867
19.04.2013;726.9367
22.04.2013;736.0667
24.04.2013;735.4200
25.04.2013;745.5600
26.04.2013;758.7600
29.04.2013;762.8633
30.04.2013;766.1700
2.05.2013;749.8433
3.05.2013;764.1700
6.05.2013;764.2533
7.05.2013;756.7367
8.05.2013;754.1233
9.05.2013;760.1300
10.05.2013;760.7767
13.05.2013;755.3200
14.05.2013;760.7467
15.05.2013;758.0300
16.05.2013;743.6867
17.05.2013;743.7467
20.05.2013;732.1833
21.05.2013;736.6600
22.05.2013;741.6667
23.05.2013;741.3367
24.05.2013;736.8600
27.05.2013;737.7633
28.05.2013;735.7233
29.05.2013;738.1467
30.05.2013;743.1200
31.05.2013;742.9167
3.06.2013;742.3033
4.06.2013;740.7567
5.06.2013;743.4833
6.06.2013;745.5000
7.06.2013;743.1967
10.06.2013;729.6700
11.06.2013;723.2733
12.06.2013;722.6700
13.06.2013;717.1267
14.06.2013;713.0567
17.06.2013;713.4100
18.06.2013;705.2767
19.06.2013;703.1500
20.06.2013;685.8367
21.06.2013;674.8733
24.06.2013;677.4167
25.06.2013;672.9733
26.06.2013;662.0900
27.06.2013;657.8867
28.06.2013;649.0833
1.07.2013;668.5700
2.07.2013;679.9933
3.07.2013;676.2500
4.07.2013;669.7467
5.07.2013;665.6500
8.07.2013;671.0600
9.07.2013;678.4533
10.07.2013;686.8267
11.07.2013;690.3933
12.07.2013;688.5233
15.07.2013;694.4733
16.07.2013;693.1467
17.07.2013;691.2733
18.07.2013;689.2400
19.07.2013;693.6400
22.07.2013;701.6067
23.07.2013;698.2600
24.07.2013;705.6467
25.07.2013;700.0533
26.07.2013;698.5000
29.07.2013;698.4900
30.07.2013;698.2567
31.07.2013;697.9567
1.08.2013;698.8433
2.08.2013;688.1967
5.08.2013;696.9767
6.08.2013;690.0567
12.08.2013;715.5733
13.08.2013;716.7200
14.08.2013;713.4733
15.08.2013;717.2033
16.08.2013;727.4000
19.08.2013;726.3667
20.08.2013;719.9000
21.08.2013;721.5067
22.08.2013;729.3367
23.08.2013;733.2000
26.08.2013;732.2100
27.08.2013;746.0067
28.08.2013;742.7833
29.08.2013;743.1033
2.09.2013;741.8333
3.09.2013;745.3033
4.09.2013;742.1967
5.09.2013;733.5700
6.09.2013;731.9833
9.09.2013;733.9967
10.09.2013;722.2867
11.09.2013;720.6067
12.09.2013;708.1767
13.09.2013;693.5600
16.09.2013;694.8000
17.09.2013;695.5400
18.09.2013;684.8167
19.09.2013;703.2533
20.09.2013;696.5167
23.09.2013;684.5300
24.09.2013;681.7400
25.09.2013;684.3767
26.09.2013;687.8667
27.09.2013;679.4700
30.09.2013;685.6633
1.10.2013;678.9033
2.10.2013;665.4800
3.10.2013;664.1367
4.10.2013;664.5700
7.10.2013;667.2467
8.10.2013;675.7333
9.10.2013;673.1733
10.10.2013;666.6033
11.10.2013;662.8267
21.10.2013;677.0767
22.10.2013;672.8300
23.10.2013;676.3900
24.10.2013;677.2300
25.10.2013;676.9233
30.10.2013;687.4833
31.10.2013;687.0367
1.11.2013;688.3800
4.11.2013;686.6533
5.11.2013;687.6033
6.11.2013;691.2000
7.11.2013;690.3633
8.11.2013;691.1833
11.11.2013;681.8400
12.11.2013;680.3300
13.11.2013;677.6567
14.11.2013;682.9133
15.11.2013;680.1900
18.11.2013;675.8333
19.11.2013;667.8500
20.11.2013;665.6667
21.11.2013;661.8233
22.11.2013;655.4433
25.11.2013;649.3700
26.11.2013;654.2633
27.11.2013;650.0533
28.11.2013;642.8667
29.11.2013;644.7667
2.12.2013;643.6867
3.12.2013;635.7567
4.12.2013;636.6333
5.12.2013;642.9967
6.12.2013;637.4967
9.12.2013;634.4467
10.12.2013;641.7400
11.12.2013;644.5867
12.12.2013;639.5433
13.12.2013;632.9733
16.12.2013;630.5667
17.12.2013;633.1933
18.12.2013;632.1967
19.12.2013;622.0667
20.12.2013;620.3333
23.12.2013;620.8133
24.12.2013;619.2300
25.12.2013;619.1633
26.12.2013;619.0733
27.12.2013;626.4600
30.12.2013;625.3233
31.12.2013;624.1267
2.01.2014;639.3300
3.01.2014;648.9967
6.01.2014;651.1933
7.01.2014;652.0267
8.01.2014;650.5467
9.01.2014;651.3233
10.01.2014;655.3500
13.01.2014;658.8333
14.01.2014;657.4400
15.01.2014;654.4467
16.01.2014;654.8600
17.01.2014;661.0333
20.01.2014;674.6467
21.01.2014;671.2567
22.01.2014;666.2133
23.01.2014;664.6833
24.01.2014;663.4867
27.01.2014;662.4300
28.01.2014;657.1667
29.01.2014;654.0300
30.01.2014;654.5133
31.01.2014;652.0667
3.02.2014;654.7567
4.02.2014;653.5867
5.02.2014;655.6200
6.02.2014;655.2867
7.02.2014;653.6233
10.02.2014;654.5967
11.02.2014;655.4567
12.02.2014;660.5233
13.02.2014;660.3067
14.02.2014;670.1200
17.02.2014;673.3433
18.02.2014;673.8133
19.02.2014;668.6300
20.02.2014;668.7433
21.02.2014;671.9300
24.02.2014;673.4033
25.02.2014;675.8467
26.02.2014;678.9433
27.02.2014;681.0700
28.02.2014;677.2933
3.03.2014;682.8167
4.03.2014;679.5433
5.03.2014;684.5433
6.03.2014;687.7900
7.03.2014;684.0933
10.03.2014;677.8800
11.03.2014;685.8300
12.03.2014;681.3300
13.03.2014;684.9733
14.03.2014;687.8800
17.03.2014;689.7000
18.03.2014;676.8067
19.03.2014;678.2967
20.03.2014;673.1867
21.03.2014;675.7667
24.03.2014;669.2167
25.03.2014;667.7400
26.03.2014;665.7600
27.03.2014;659.1500
28.03.2014;659.7633
31.03.2014;656.7000
1.04.2014;654.4533
2.04.2014;655.7100
3.04.2014;665.3000
4.04.2014;668.5833
7.04.2014;668.6200
8.04.2014;669.0167
9.04.2014;668.4367
10.04.2014;671.5833
11.04.2014;670.9333
14.04.2014;676.1567
15.04.2014;667.4433
16.04.2014;664.4500
17.04.2014;663.3067
18.04.2014;664.4833
21.04.2014;664.3367
22.04.2014;655.1733
24.04.2014;651.0567
25.04.2014;656.9700
28.04.2014;660.7567
29.04.2014;656.0100
30.04.2014;660.5233
2.05.2014;655.7967
5.05.2014;655.1800
6.05.2014;661.3800
7.05.2014;663.1800
8.05.2014;657.4067
9.05.2014;661.2400
12.05.2014;666.0167
13.05.2014;669.0800
14.05.2014;676.5367
15.05.2014;681.2200
16.05.2014;674.3333
20.05.2014;677.7933
21.05.2014;678.7233
22.05.2014;681.3267
23.05.2014;683.5133
26.05.2014;682.9600
27.05.2014;678.2233
28.05.2014;670.9033
29.05.2014;666.8267
30.05.2014;669.5067
2.06.2014;662.2367
3.06.2014;660.6233
4.06.2014;657.2733
5.06.2014;661.3000
6.06.2014;665.4900
9.06.2014;665.5067
10.06.2014;674.3333
11.06.2014;679.3933
12.06.2014;674.4533
13.06.2014;671.3767
16.06.2014;673.8967
17.06.2014;668.1700
18.06.2014;672.7600
19.06.2014;673.2733
20.06.2014;681.5967
23.06.2014;682.9667
24.06.2014;687.2533
25.06.2014;684.4333
26.06.2014;684.3067
27.06.2014;688.0200
30.06.2014;687.7900
1.07.2014;689.8367
2.07.2014;696.8567
3.07.2014;695.6467
4.07.2014;696.6400
7.07.2014;695.6267
8.07.2014;695.7167
9.07.2014;696.7800
10.07.2014;699.3800
11.07.2014;702.0600
14.07.2014;695.9867
15.07.2014;692.6467
16.07.2014;690.3633
17.07.2014;693.9500
18.07.2014;694.9333
21.07.2014;696.0833
22.07.2014;695.6633
23.07.2014;696.8933
24.07.2014;691.6400
25.07.2014;690.2300
31.07.2014;694.5133
1.08.2014;688.1967
4.08.2014;690.0433
5.08.2014;689.3433
6.08.2014;689.4800
7.08.2014;695.4067
8.08.2014;699.3533
11.08.2014;696.7700
12.08.2014;699.3233
13.08.2014;699.4333
14.08.2014;698.0000
15.08.2014;694.0200
18.08.2014;690.0900
19.08.2014;689.8800
20.08.2014;688.4667
21.08.2014;685.6233
22.08.2014;682.2633
25.08.2014;686.4967
26.08.2014;687.9467
27.08.2014;689.1533
28.08.2014;690.0133
29.08.2014;690.9800
1.09.2014;692.7000
2.09.2014;690.1233
3.09.2014;683.0600
4.09.2014;684.8700
5.09.2014;692.9633
8.09.2014;694.0100
9.09.2014;691.1133
10.09.2014;684.6767
11.09.2014;682.2467
12.09.2014;675.6133
15.09.2014;676.4600
16.09.2014;675.2167
17.09.2014;673.6967
18.09.2014;671.5833
19.09.2014;669.3733
22.09.2014;665.3233
23.09.2014;667.0200
24.09.2014;667.5667
25.09.2014;664.9867
26.09.2014;665.5500
29.09.2014;666.7300
30.09.2014;669.4533
1.10.2014;661.5533
2.10.2014;662.0167
8.10.2014;660.8700
9.10.2014;659.0633
10.10.2014;657.8167
13.10.2014;658.9900
14.10.2014;663.4500
15.10.2014;658.6400
16.10.2014;653.2933
17.10.2014;654.3633
20.10.2014;658.7567
21.10.2014;662.6733
22.10.2014;665.7100
23.10.2014;663.5833
24.10.2014;659.6167
27.10.2014;657.9167
30.10.2014;656.7100
31.10.2014;645.8900
3.11.2014;646.1933
4.11.2014;645.3267
5.11.2014;633.0200
6.11.2014;628.4867
7.11.2014;633.5267
10.11.2014;640.5967
11.11.2014;635.5567
12.11.2014;635.9933
13.11.2014;636.4467
14.11.2014;631.5700
17.11.2014;642.5367
18.11.2014;643.2767
19.11.2014;643.0133
20.11.2014;641.8133
21.11.2014;650.6600
24.11.2014;655.0067
25.11.2014;651.9033
26.11.2014;651.2067
27.11.2014;649.9033
28.11.2014;646.1433
1.12.2014;640.0567
2.12.2014;648.9100
3.12.2014;658.9200
4.12.2014;665.3900
5.12.2014;662.8833
8.12.2014;663.9433
9.12.2014;661.6867
10.12.2014;670.4867
11.12.2014;662.8700
12.12.2014;662.4667
15.12.2014;655.3067
16.12.2014;649.6167
17.12.2014;646.8733
18.12.2014;650.1867
19.12.2014;655.0200
22.12.2014;654.8200
23.12.2014;651.3367
24.12.2014;650.9133
25.12.2014;648.7300
26.12.2014;651.5000
29.12.2014;660.2400
30.12.2014;659.9500
31.12.2014;666.2767
2.01.2015;662.2800
5.01.2015;672.1667
6.01.2015;681.2400
7.01.2015;688.3300
8.01.2015;691.4633
9.01.2015;692.2400
12.01.2015;697.0633
13.01.2015;703.7033
14.01.2015;703.2533
15.01.2015;707.5233
16.01.2015;727.8333
19.01.2015;734.6900
20.01.2015;738.5300
21.01.2015;747.3767
22.01.2015;742.2400
23.01.2015;767.5367
26.01.2015;759.4200
27.01.2015;754.8233
28.01.2015;753.2600
29.01.2015;748.4300
30.01.2015;737.8933
2.02.2015;738.2800
3.02.2015;742.8800
4.02.2015;733.5100
5.02.2015;736.6033
6.02.2015;736.4367
9.02.2015;729.6633
10.02.2015;729.1900
11.02.2015;723.7000
12.02.2015;692.3633
13.02.2015;712.7400
16.02.2015;717.9300
17.02.2015;712.8233
18.02.2015;701.7400
19.02.2015;704.3967
20.02.2015;701.4800
23.02.2015;700.2333
24.02.2015;698.7867
25.02.2015;699.8033
26.02.2015;708.8900
27.02.2015;712.2100
2.03.2015;718.3867
3.03.2015;718.8800
4.03.2015;719.4667
5.03.2015;723.8633
6.03.2015;720.7200
9.03.2015;717.5633
10.03.2015;717.0200
11.03.2015;720.3933
12.03.2015;719.8700
13.03.2015;719.7433
16.03.2015;722.4000
17.03.2015;713.5867
18.03.2015;708.2233
19.03.2015;717.0267
20.03.2015;722.6700
23.03.2015;719.4733
24.03.2015;712.7200
25.03.2015;715.2233
26.03.2015;720.0967
27.03.2015;723.9133
30.03.2015;715.1967
31.03.2015;721.3133
1.04.2015;725.2100
2.04.2015;730.4067
3.04.2015;726.1767
6.04.2015;719.7000
7.04.2015;733.4733
8.04.2015;735.5133
9.04.2015;735.3100
10.04.2015;751.0600
13.04.2015;748.4333
14.04.2015;743.9533
15.04.2015;740.7800
16.04.2015;745.4933
17.04.2015;735.2300
20.04.2015;735.8567
21.04.2015;737.3500
22.04.2015;727.6000
24.04.2015;716.7100
27.04.2015;715.6467
28.04.2015;722.4767
29.04.2015;721.0033
30.04.2015;701.4100
4.05.2015;697.0300
5.05.2015;707.7600
6.05.2015;698.0767
7.05.2015;685.2800
8.05.2015;695.4667
11.05.2015;698.0200
12.05.2015;692.8433
13.05.2015;699.0033
14.05.2015;697.3867
15.05.2015;701.6367
18.05.2015;705.4633
20.05.2015;713.9800
21.05.2015;711.5067
22.05.2015;708.8333
25.05.2015;721.0967
26.05.2015;714.4367
27.05.2015;711.9500
28.05.2015;708.8333
29.05.2015;705.8800
1.06.2015;707.6967
2.06.2015;701.5767
3.06.2015;693.5900
4.06.2015;679.3133
5.06.2015;676.1200
8.06.2015;684.2233
9.06.2015;681.8667
10.06.2015;683.1033
11.06.2015;681.9533
12.06.2015;682.7600
15.06.2015;671.1800
16.06.2015;675.1733
17.06.2015;671.2200
18.06.2015;675.0267
19.06.2015;676.8233
22.06.2015;669.6300
23.06.2015;672.5533
24.06.2015;672.2033
25.06.2015;674.4100
26.06.2015;673.7433
29.06.2015;681.7167
30.06.2015;677.9500
1.07.2015;681.4900
2.07.2015;680.8133
3.07.2015;680.7400
6.07.2015;674.3733
7.07.2015;677.6700
8.07.2015;660.1833
9.07.2015;667.4133
10.07.2015;661.0867
13.07.2015;661.7167
14.07.2015;664.6033
15.07.2015;664.4233
20.07.2015;653.2200
21.07.2015;646.1300
22.07.2015;637.4933
23.07.2015;631.3433
24.07.2015;635.8067
27.07.2015;629.8667
28.07.2015;630.6600
29.07.2015;632.0200
30.07.2015;633.7667
31.07.2015;635.2400
3.08.2015;634.0367
4.08.2015;631.9033
5.08.2015;630.5033
6.08.2015;627.7800
7.08.2015;626.9167
10.08.2015;626.9500
11.08.2015;634.1467
12.08.2015;635.7900
13.08.2015;636.3200
14.08.2015;634.0933
17.08.2015;639.0933
18.08.2015;639.1633
19.08.2015;642.4533
20.08.2015;641.6667
21.08.2015;646.2233
24.08.2015;637.3033
25.08.2015;624.7800
26.08.2015;619.5233
27.08.2015;624.8967
28.08.2015;629.2667
31.08.2015;637.9133
1.09.2015;637.9400
2.09.2015;637.6067
3.09.2015;638.5400
4.09.2015;642.3367
7.09.2015;637.8067
8.09.2015;633.5033
9.09.2015;634.8267
10.09.2015;630.9300
11.09.2015;622.4167
14.09.2015;616.3567
15.09.2015;611.4833
16.09.2015;616.5933
17.09.2015;616.9833
18.09.2015;616.3833
21.09.2015;630.1533
22.09.2015;632.4367
28.09.2015;625.1333
29.09.2015;611.7933
30.09.2015;606.1800
1.10.2015;611.3400
2.10.2015;606.3333
5.10.2015;608.8600
6.10.2015;615.7833
7.10.2015;618.9367
8.10.2015;620.5067
9.10.2015;617.7367
12.10.2015;631.6933
13.10.2015;632.4900
14.10.2015;634.7100
15.10.2015;637.9300
16.10.2015;641.9300
19.10.2015;643.5367
20.10.2015;646.1467
21.10.2015;645.9333
22.10.2015;645.5300
23.10.2015;656.5600
26.10.2015;660.6767
27.10.2015;654.7367
30.10.2015;653.8433
2.11.2015;647.8533
3.11.2015;643.1067
4.11.2015;640.0600
5.11.2015;640.6833
6.11.2015;636.4867
9.11.2015;636.1800
10.11.2015;631.5933
11.11.2015;624.1400
12.11.2015;620.7400
13.11.2015;612.7033
16.11.2015;614.9833
17.11.2015;612.4867
18.11.2015;604.8767
19.11.2015;603.1967
20.11.2015;609.0767
23.11.2015;609.5600
24.11.2015;605.3667
25.11.2015;604.5500
26.11.2015;603.7100
27.11.2015;606.8600
30.11.2015;600.9467
1.12.2015;601.8867
2.12.2015;604.4900
3.12.2015;599.3400
4.12.2015;585.4400
7.12.2015;601.5700
8.12.2015;602.2067
9.12.2015;594.9067
10.12.2015;589.1000
11.12.2015;589.8533
14.12.2015;586.0267
15.12.2015;584.2600
16.12.2015;588.4933
17.12.2015;598.6700
18.12.2015;591.9333
21.12.2015;592.9967
22.12.2015;598.1667
23.12.2015;597.8133
24.12.2015;595.4533
25.12.2015;596.4100
28.12.2015;595.2167
29.12.2015;598.6100
30.12.2015;601.0367
31.12.2015;596.9733
4.01.2016;602.0867
5.01.2016;611.6467
6.01.2016;617.6000
7.01.2016;609.0900
8.01.2016;606.4867
11.01.2016;604.0967
12.01.2016;604.7767
13.01.2016;596.4200
14.01.2016;594.9467
15.01.2016;591.4033
18.01.2016;593.4067
19.01.2016;592.5067
20.01.2016;591.4700
21.01.2016;589.3467
22.01.2016;598.0933
25.01.2016;609.5167
26.01.2016;609.1867
27.01.2016;615.3500
28.01.2016;613.6167
29.01.2016;608.6800
1.02.2016;615.4200
2.02.2016;610.5600
3.02.2016;612.3067
4.02.2016;614.8200
5.02.2016;616.0433
8.02.2016;625.9800
9.02.2016;636.1067
10.02.2016;629.7033
11.02.2016;643.5967
12.02.2016;653.7100
15.02.2016;643.7567
16.02.2016;646.1133
17.02.2016;645.2433
18.02.2016;645.8033
19.02.2016;655.5567
22.02.2016;644.8400
23.02.2016;652.0233
24.02.2016;660.1333
25.02.2016;658.1900
26.02.2016;656.4367
29.02.2016;664.1933
1.03.2016;673.2567
2.03.2016;670.5567
3.03.2016;671.4500
4.03.2016;676.3733
7.03.2016;682.4800
8.03.2016;694.1900
9.03.2016;691.8833
10.03.2016;682.4767
11.03.2016;676.9633
14.03.2016;670.2500
15.03.2016;665.1400
16.03.2016;665.0400
17.03.2016;669.8267
18.03.2016;666.9467
21.03.2016;662.8233
22.03.2016;671.9833
23.03.2016;664.1600
24.03.2016;652.4633
25.03.2016;650.4000
28.03.2016;648.7433
29.03.2016;650.7067
30.03.2016;655.2533
31.03.2016;651.2567
1.04.2016;642.5367
4.04.2016;640.5033
5.04.2016;646.9267
6.04.2016;641.5100
7.04.2016;645.1200
8.04.2016;644.9067
11.04.2016;656.5667
12.04.2016;661.0500
13.04.2016;663.9367
14.04.2016;666.2033
15.04.2016;660.4933
18.04.2016;660.8567
19.04.2016;666.4567
20.04.2016;505.0067
21.04.2016;674.6767
22.04.2016;676.6333
25.04.2016;668.0133
26.04.2016;668.7200
27.04.2016;671.6567
28.04.2016;673.0833
29.04.2016;690.6967
2.05.2016;694.6833
3.05.2016;689.4033
4.05.2016;690.2433
5.05.2016;686.8833
6.05.2016;691.6667
9.05.2016;687.3167
10.05.2016;680.9700
11.05.2016;689.1767
12.05.2016;686.5000
13.05.2016;686.6300
16.05.2016;691.2267
17.05.2016;689.4067
18.05.2016;684.6333
20.05.2016;679.6700
23.05.2016;674.9933
24.05.2016;674.6200
25.05.2016;670.8667
26.05.2016;669.5300
27.05.2016;663.5467
30.05.2016;656.6033
31.05.2016;658.0067
1.06.2016;659.3167
2.06.2016;661.0967
3.06.2016;660.1267
6.06.2016;654.1667
7.06.2016;658.5733
8.06.2016;668.9367
9.06.2016;670.6833
10.06.2016;671.4567
13.06.2016;678.9633
14.06.2016;680.2667
15.06.2016;676.7667
16.06.2016;684.5467
17.06.2016;677.3833
20.06.2016;668.4667
21.06.2016;669.1833
22.06.2016;667.5833
23.06.2016;659.2300
24.06.2016;699.8733
27.06.2016;702.5533
28.06.2016;693.3233
29.06.2016;702.2767
30.06.2016;700.5467
1.07.2016;716.1133
8.07.2016;741.2200
11.07.2016;745.7167
12.07.2016;739.6300
13.07.2016;739.8967
14.07.2016;729.2500
15.07.2016;728.6567
18.07.2016;736.2433
19.07.2016;734.4267
20.07.2016;737.1600
21.07.2016;730.7633
22.07.2016;735.0333
25.07.2016;736.9200
26.07.2016;730.1867
27.07.2016;741.5433
28.07.2016;739.6533
29.07.2016;748.7833
1.08.2016;752.6733
2.08.2016;759.6700
3.08.2016;760.3467
4.08.2016;757.8633
5.08.2016;756.6833
8.08.2016;752.6467
9.08.2016;751.3300
10.08.2016;762.7800
11.08.2016;760.6833
12.08.2016;748.4267
15.08.2016;736.7567
16.08.2016;735.0900
17.08.2016;731.5267
18.08.2016;732.7467
19.08.2016;733.0633
22.08.2016;726.5567
23.08.2016;724.9700
24.08.2016;724.4300
25.08.2016;720.9967
26.08.2016;715.0167
29.08.2016;721.3333
31.08.2016;713.0267
1.09.2016;707.7400
2.09.2016;710.3667
5.09.2016;720.5967
6.09.2016;728.6200
7.09.2016;730.8500
8.09.2016;724.5933
9.09.2016;718.1267
16.09.2016;696.2767
19.09.2016;703.5067
20.09.2016;701.5667
21.09.2016;712.3333
22.09.2016;715.9700
23.09.2016;713.4800
26.09.2016;714.9933
27.09.2016;705.8400
28.09.2016;701.1967
29.09.2016;701.6600
30.09.2016;709.5367
3.10.2016;695.3767
4.10.2016;699.6733
5.10.2016;675.7567
6.10.2016;671.0333
7.10.2016;673.0267
10.10.2016;670.0900
11.10.2016;671.0767
12.10.2016;674.5067
13.10.2016;670.0500
14.10.2016;665.9833
17.10.2016;669.0933
18.10.2016;670.8733
19.10.2016;675.4900
20.10.2016;677.4200
21.10.2016;676.0500
24.10.2016;681.5567
25.10.2016;682.7633
26.10.2016;687.8100
27.10.2016;686.8733
31.10.2016;690.5067
1.11.2016;696.0767
2.11.2016;692.3667
3.11.2016;689.0933
4.11.2016;696.4300
7.11.2016;692.3500
8.11.2016;693.8900
9.11.2016;699.6233
10.11.2016;697.7100
11.11.2016;689.0533
14.11.2016;675.3333
15.11.2016;675.5100
16.11.2016;679.0633
17.11.2016;679.1467
18.11.2016;676.4733
21.11.2016;677.7733
22.11.2016;682.7400
23.11.2016;682.3300
24.11.2016;669.4300
25.11.2016;663.0367
28.11.2016;662.3067
29.11.2016;665.8267
30.11.2016;664.9667
1.12.2016;660.4667
2.12.2016;654.4400
5.12.2016;662.6900
6.12.2016;655.4633
7.12.2016;660.8300
8.12.2016;661.0767
9.12.2016;664.4800
12.12.2016;656.7000
13.12.2016;658.5633
14.12.2016;660.7333
15.12.2016;664.1500
16.12.2016;659.9967
19.12.2016;656.0833
20.12.2016;665.4833
21.12.2016;660.3333
22.12.2016;657.0733
23.12.2016;655.5467
26.12.2016;654.0867
27.12.2016;654.5233
28.12.2016;657.6000
29.12.2016;657.7633
30.12.2016;656.6900
2.01.2017;661.3733
3.01.2017;662.0000
4.01.2017;671.2767
5.01.2017;676.3100
6.01.2017;677.9200
9.01.2017;682.4700
10.01.2017;683.8967
11.01.2017;688.0867
12.01.2017;689.8667
13.01.2017;688.9167
16.01.2017;689.6800
17.01.2017;692.6500
18.01.2017;692.6867
19.01.2017;685.5933
20.01.2017;680.6167
23.01.2017;679.9867
24.01.2017;686.1433
25.01.2017;683.9067
26.01.2017;683.3500
27.01.2017;679.4567
30.01.2017;677.7767
31.01.2017;683.1000
1.02.2017;684.6433
2.02.2017;690.1033
3.02.2017;692.9200
6.02.2017;691.9867
7.02.2017;705.2633
8.02.2017;706.8833
9.02.2017;708.9500
10.02.2017;708.6533
13.02.2017;703.4367
14.02.2017;706.3233
15.02.2017;708.3900
16.02.2017;705.7000
17.02.2017;711.0133
20.02.2017;712.0633
21.02.2017;709.6900
22.02.2017;712.4067
23.02.2017;712.6633
24.02.2017;716.8667
27.02.2017;722.8367
28.02.2017;724.4167
1.03.2017;724.5433
2.03.2017;722.0533
3.03.2017;714.7000
6.03.2017;703.3533
7.03.2017;703.0633
8.03.2017;694.1000
9.03.2017;682.1667
10.03.2017;680.3867
13.03.2017;675.1033
14.03.2017;677.1800
15.03.2017;676.5567
16.03.2017;677.6633
17.03.2017;682.9733
20.03.2017;683.2767
21.03.2017;683.3867
22.03.2017;688.4167
23.03.2017;690.1000
24.03.2017;687.5100
27.03.2017;685.9733
28.03.2017;691.1833
29.03.2017;691.4300
30.03.2017;689.8800
31.03.2017;692.0333
3.04.2017;689.6133
4.04.2017;695.2667
5.04.2017;695.6333
6.04.2017;698.1167
7.04.2017;700.0467
10.04.2017;702.8000
11.04.2017;697.4900
12.04.2017;698.8433
13.04.2017;711.1233
14.04.2017;714.9067
17.04.2017;714.1667
18.04.2017;712.2033
19.04.2017;709.6000
20.04.2017;705.1900
21.04.2017;706.9000
24.04.2017;697.8800
25.04.2017;688.6667
26.04.2017;684.1367
27.04.2017;684.3333
28.04.2017;680.2533
2.05.2017;679.2733
3.05.2017;672.3667
4.05.2017;663.2067
5.05.2017;653.9267
8.05.2017;656.4033
9.05.2017;658.6800
10.05.2017;658.2600
11.05.2017;656.9433
12.05.2017;661.6667
15.05.2017;660.6000
16.05.2017;658.7833
17.05.2017;658.5000
18.05.2017;664.8867
22.05.2017;657.9167
23.05.2017;656.8267
24.05.2017;661.2967
25.05.2017;656.9800
26.05.2017;664.1167
29.05.2017;667.5267
30.05.2017;669.0567
31.05.2017;662.3833
1.06.2017;661.0567
2.06.2017;658.8500
5.06.2017;659.6267
6.06.2017;670.0267
7.06.2017;672.9233
8.06.2017;670.1067
9.06.2017;666.7633
12.06.2017;660.5567
13.06.2017;661.3633
14.06.2017;659.6000
15.06.2017;661.8767
16.06.2017;656.6467
19.06.2017;652.6800
20.06.2017;652.6900
21.06.2017;653.8400
22.06.2017;651.3933
23.06.2017;656.8400
28.06.2017;641.9833
29.06.2017;637.6500
30.06.2017;635.2133
3.07.2017;636.3400
4.07.2017;633.3533
5.07.2017;630.8533
6.07.2017;628.6100
7.07.2017;626.5133
10.07.2017;623.2300
11.07.2017;617.3000
12.07.2017;619.3567
13.07.2017;627.8600
14.07.2017;627.8733
17.07.2017;627.8500
18.07.2017;629.3367
19.07.2017;630.9933
20.07.2017;630.4833
21.07.2017;623.8200
24.07.2017;629.9233
25.07.2017;630.3767
26.07.2017;628.2100
27.07.2017;625.9667
28.07.2017;628.3767
31.07.2017;627.6500
1.08.2017;626.3533
2.08.2017;626.6033
3.08.2017;626.0467
4.08.2017;627.9200
7.08.2017;632.8933
8.08.2017;632.3200
9.08.2017;639.4533
10.08.2017;645.0433
11.08.2017;646.7733
14.08.2017;644.1000
15.08.2017;641.2000
16.08.2017;638.1633
17.08.2017;644.2700
18.08.2017;649.4300
21.08.2017;650.5833
22.08.2017;647.5867
23.08.2017;644.7867
24.08.2017;645.0167
25.08.2017;643.8833
28.08.2017;637.0533
29.08.2017;636.4767
5.09.2017;661.3967
6.09.2017;658.8500
7.09.2017;659.3767
8.09.2017;655.3400
11.09.2017;657.8967
12.09.2017;653.0333
13.09.2017;648.5200
14.09.2017;651.3567
15.09.2017;648.3667
18.09.2017;645.5567
19.09.2017;637.1967
20.09.2017;633.8033
21.09.2017;635.6633
22.09.2017;625.5433
25.09.2017;630.7900
26.09.2017;633.8500
27.09.2017;636.5833
28.09.2017;628.6300
29.09.2017;627.6100
2.10.2017;629.0267
3.10.2017;625.0200
4.10.2017;623.8500
5.10.2017;625.2800
6.10.2017;627.2000
9.10.2017;625.2900
10.10.2017;627.1167
11.10.2017;629.1533
12.10.2017;629.1600
13.10.2017;632.8100
16.10.2017;638.2567
17.10.2017;639.7500
18.10.2017;631.3200
19.10.2017;626.7633
20.10.2017;626.2567
23.10.2017;628.3100
24.10.2017;625.9967
25.10.2017;626.6167
26.10.2017;623.4900
27.10.2017;634.1200
30.10.2017;631.3133
31.10.2017;632.5067
1.11.2017;633.6433
2.11.2017;636.2167
3.11.2017;635.9300
6.11.2017;634.8767
7.11.2017;636.5000
8.11.2017;639.6000
9.11.2017;639.7967
10.11.2017;639.8500
13.11.2017;639.7833
14.11.2017;633.4767
15.11.2017;628.3500
16.11.2017;631.2067
17.11.2017;630.1600
20.11.2017;635.3867
21.11.2017;636.2133
22.11.2017;631.7100
23.11.2017;631.1467
24.11.2017;629.5033
27.11.2017;623.0233
28.11.2017;632.1033
29.11.2017;635.8200
30.11.2017;632.1633
1.12.2017;625.7600
4.12.2017;627.6867
5.12.2017;624.2667
6.12.2017;622.0367
7.12.2017;617.9400
8.12.2017;616.8467
11.12.2017;610.7367
12.12.2017;607.8800
13.12.2017;608.5633
14.12.2017;606.2633
15.12.2017;607.4033
18.12.2017;609.2567
19.12.2017;615.0633
20.12.2017;616.7000
21.12.2017;617.9300
22.12.2017;618.2433
25.12.2017;617.0067
26.12.2017;617.2667
27.12.2017;618.8567
28.12.2017;620.7900
29.12.2017;622.1800
2.01.2018;619.6867
3.01.2018;627.9300
4.01.2018;630.7667
5.01.2018;633.6033
8.01.2018;639.0033
9.01.2018;642.3800
10.01.2018;641.1233
11.01.2018;642.8733
12.01.2018;640.2133
15.01.2018;638.6200
16.01.2018;640.3333
17.01.2018;639.6567
18.01.2018;641.5367
19.01.2018;639.2500
22.01.2018;643.2233
23.01.2018;645.6967
24.01.2018;638.4667
25.01.2018;641.5067
26.01.2018;640.0300
29.01.2018;641.2500
30.01.2018;638.4700
31.01.2018;632.6433
1.02.2018;634.2467
2.02.2018;628.7833
5.02.2018;630.0433
6.02.2018;631.9967
7.02.2018;629.8733
8.02.2018;630.8200
9.02.2018;627.0133
12.02.2018;627.0667
13.02.2018;624.1400
14.02.2018;624.9033
15.02.2018;623.2800
16.02.2018;633.1200
19.02.2018;636.9500
20.02.2018;638.6267
21.02.2018;634.5467
22.02.2018;634.8800
23.02.2018;632.3200
26.02.2018;634.4033
27.02.2018;635.5567
28.02.2018;635.9433
1.03.2018;631.7467
2.03.2018;625.3733
5.03.2018;624.2533
6.03.2018;621.7467
7.03.2018;620.4433
8.03.2018;619.1467
9.03.2018;619.5200
12.03.2018;617.9367
13.03.2018;620.0167
14.03.2018;620.7233
15.03.2018;621.9233
16.03.2018;620.7600
19.03.2018;619.0800
20.03.2018;615.9400
21.03.2018;618.2933
22.03.2018;618.9367
23.03.2018;623.0133
26.03.2018;623.7900
27.03.2018;621.7100
28.03.2018;621.2500
29.03.2018;618.5767
30.03.2018;615.5433
2.04.2018;615.2933
3.04.2018;618.0667
4.04.2018;619.2467
5.04.2018;619.1033
6.04.2018;613.8900
9.04.2018;612.4400
10.04.2018;613.8900
11.04.2018;615.3700
12.04.2018;620.1433
13.04.2018;618.4533
16.04.2018;618.1067
17.04.2018;617.1800
18.04.2018;616.4967
19.04.2018;622.4233
20.04.2018;624.7300
24.04.2018;618.2467
25.04.2018;618.3200
26.04.2018;618.8367
27.04.2018;619.8833
30.04.2018;617.5000
2.05.2018;617.4933
3.05.2018;617.9567
4.05.2018;621.8533
7.05.2018;622.2167
8.05.2018;623.9300
9.05.2018;628.3633
10.05.2018;629.2133
11.05.2018;631.2433
14.05.2018;630.5933
15.05.2018;632.3233
16.05.2018;624.1300
17.05.2018;621.7667
18.05.2018;619.8567
21.05.2018;621.4033
22.05.2018;618.3700
23.05.2018;629.6467
24.05.2018;629.1100
25.05.2018;633.9667
28.05.2018;636.8000
29.05.2018;642.9200
30.05.2018;636.7933
31.05.2018;633.6967
1.06.2018;635.3900
4.06.2018;631.6667
5.06.2018;631.3200
6.06.2018;625.3633
7.06.2018;624.6933
8.06.2018;629.4233
11.06.2018;625.6733
12.06.2018;627.9600
13.06.2018;629.6967
18.06.2018;632.7900
19.06.2018;629.0367
20.06.2018;624.3467
21.06.2018;621.0567
22.06.2018;614.5767
25.06.2018;615.5733
26.06.2018;614.4600
27.06.2018;612.1367
28.06.2018;614.4533
29.06.2018;606.6600
2.07.2018;604.4700
3.07.2018;602.4933
4.07.2018;599.0333
5.07.2018;602.8267
6.07.2018;601.8167
9.07.2018;600.1833
10.07.2018;602.2267
11.07.2018;599.2600
12.07.2018;597.9833
13.07.2018;596.3733
16.07.2018;598.9633
17.07.2018;595.3500
18.07.2018;587.3500
19.07.2018;584.7500
20.07.2018;586.5900
23.07.2018;589.3200
24.07.2018;590.4133
25.07.2018;592.9767
26.07.2018;593.3233
27.07.2018;594.4833
30.07.2018;590.8633
31.07.2018;587.7600
1.08.2018;586.7833
2.08.2018;588.5467
3.08.2018;586.4067
6.08.2018;591.3933
7.08.2018;593.2567
8.08.2018;593.3233
9.08.2018;591.4400
10.08.2018;590.9133
13.08.2018;599.1467
14.08.2018;593.9000
15.08.2018;588.6367
16.08.2018;583.4200
17.08.2018;577.5467
27.08.2018;582.0433
28.08.2018;577.4200
29.08.2018;577.3733
31.08.2018;575.0433
3.09.2018;575.4267
4.09.2018;573.4733
5.09.2018;571.6767
6.09.2018;573.8767
7.09.2018;574.8633
10.09.2018;573.9000
11.09.2018;573.6100
12.09.2018;574.7100
13.09.2018;578.2433
14.09.2018;580.7967
17.09.2018;574.7967
18.09.2018;574.6367
19.09.2018;573.7933
20.09.2018;580.8767
21.09.2018;581.8367
24.09.2018;579.6200
25.09.2018;578.2900
26.09.2018;578.7933
27.09.2018;577.3400
28.09.2018;576.7900
1.10.2018;577.6067
2.10.2018;580.4467
3.10.2018;587.4800
4.10.2018;588.7600
5.10.2018;590.7167
8.10.2018;588.4367
9.10.2018;584.1633
10.10.2018;587.7367
11.10.2018;586.9300
12.10.2018;593.0633
15.10.2018;600.3400
16.10.2018;600.9800
17.10.2018;599.8733
18.10.2018;599.6600
19.10.2018;599.0700
22.10.2018;601.0600
23.10.2018;603.0367
24.10.2018;602.7267
25.10.2018;605.2767
26.10.2018;607.4000
30.10.2018;606.3367
31.10.2018;605.7367
1.11.2018;607.2533
2.11.2018;614.9033
5.11.2018;615.3867
6.11.2018;620.4700
7.11.2018;618.9333
8.11.2018;614.2700
9.11.2018;613.9900
12.11.2018;614.6300
13.11.2018;611.5833
14.11.2018;610.6200
15.11.2018;607.9800
16.11.2018;607.6433
19.11.2018;611.1033
20.11.2018;607.6967
21.11.2018;608.3067
22.11.2018;610.9467
23.11.2018;608.5267
26.11.2018;610.2233
27.11.2018;613.4733
28.11.2018;609.2867
29.11.2018;611.8767
30.11.2018;603.1333
3.12.2018;602.0967
4.12.2018;605.9767
5.12.2018;603.1900
6.12.2018;602.0200
7.12.2018;601.9033
10.12.2018;598.8200
11.12.2018;599.6567
12.12.2018;597.7933
13.12.2018;601.9967
14.12.2018;603.8433
17.12.2018;602.2000
18.12.2018;600.6033
19.12.2018;602.0667
20.12.2018;600.5967
21.12.2018;598.9900
24.12.2018;602.8333
25.12.2018;605.1033
26.12.2018;608.6900
27.12.2018;607.9767
28.12.2018;611.1100
31.12.2018;609.3933
2.01.2019;610.8433
3.01.2019;611.0367
4.01.2019;616.6000
7.01.2019;616.1667
8.01.2019;620.1700
9.01.2019;617.4333
10.01.2019;619.8433
11.01.2019;616.2833
14.01.2019;616.6300
15.01.2019;611.9533
16.01.2019;613.4000
17.01.2019;616.7967
18.01.2019;616.0000
21.01.2019;616.4067
22.01.2019;614.7300
23.01.2019;614.2667
24.01.2019;612.8833
25.01.2019;613.4133
28.01.2019;623.4067
29.01.2019;623.8867
30.01.2019;625.6267
31.01.2019;628.1867
1.02.2019;627.0100
4.02.2019;625.2233
5.02.2019;625.7567
6.02.2019;627.2100
7.02.2019;625.5133
8.02.2019;625.0533
11.02.2019;622.6233
12.02.2019;624.1167
13.02.2019;622.8233
14.02.2019;621.7567
15.02.2019;626.2767
18.02.2019;628.7200
19.02.2019;633.7133
20.02.2019;641.3567
21.02.2019;639.2400
22.02.2019;634.6900
25.02.2019;639.0633
26.02.2019;643.9533
27.02.2019;642.7867
28.02.2019;645.4100
1.03.2019;643.6933
4.03.2019;634.7300
5.03.2019;630.1833
6.03.2019;629.9700
7.03.2019;628.6800
8.03.2019;632.3200
11.03.2019;633.6600
12.03.2019;629.0833
13.03.2019;638.0733
14.03.2019;634.8200
15.03.2019;635.2933
18.03.2019;634.0900
19.03.2019;631.4367
20.03.2019;634.4933
21.03.2019;642.6367
22.03.2019;643.5633
25.03.2019;645.0867
26.03.2019;643.4100
27.03.2019;643.9767
28.03.2019;645.9000
29.03.2019;642.1233
1.04.2019;639.5533
2.04.2019;637.9100
3.04.2019;639.8033
4.04.2019;641.4467
5.04.2019;650.9000
8.04.2019;659.0833
9.04.2019;658.3900
10.04.2019;657.6667
11.04.2019;651.3100
12.04.2019;654.7667
15.04.2019;649.0633
16.04.2019;645.4967
17.04.2019;642.5500
18.04.2019;641.1500
19.04.2019;643.3300
22.04.2019;644.8600
24.04.2019;646.7233
25.04.2019;649.4367
26.04.2019;651.8267
29.04.2019;654.1900
30.04.2019;651.4933
2.05.2019;644.8500
3.05.2019;639.1533
6.05.2019;638.5367
7.05.2019;637.7467
8.05.2019;648.8133
9.05.2019;645.6633
10.05.2019;639.6933
13.05.2019;639.7900
14.05.2019;641.1933
15.05.2019;643.4233
16.05.2019;642.8500
17.05.2019;639.1667
20.05.2019;631.2600
21.05.2019;628.9867
22.05.2019;627.9733
23.05.2019;627.2733
24.05.2019;625.4033
27.05.2019;626.2600
28.05.2019;626.5400
29.05.2019;626.9800
30.05.2019;623.5733
31.05.2019;629.2933
7.06.2019;644.9533
10.06.2019;635.2233
11.06.2019;630.1067
12.06.2019;634.7133
13.06.2019;638.1867
14.06.2019;643.2867
17.06.2019;640.5200
18.06.2019;641.4200
19.06.2019;641.0067
20.06.2019;653.7733
21.06.2019;654.6767
24.06.2019;656.3033
25.06.2019;660.1100
26.06.2019;654.0100
27.06.2019;652.0633
28.06.2019;656.7733
1.07.2019;650.4933
2.07.2019;659.3400
3.07.2019;671.4100
4.07.2019;667.8167
5.07.2019;669.6667
8.07.2019;666.4200
9.07.2019;658.0700
10.07.2019;660.0400
11.07.2019;668.9367
12.07.2019;665.5767
16.07.2019;672.2733
17.07.2019;670.1133
18.07.2019;675.3067
19.07.2019;683.3033
22.07.2019;680.9867
23.07.2019;678.3767
24.07.2019;681.4133
25.07.2019;689.4267
26.07.2019;693.6567
29.07.2019;687.8933
30.07.2019;692.8700
31.07.2019;696.2700
1.08.2019;686.7067
2.08.2019;695.7900
5.08.2019;696.3533
6.08.2019;696.6933
7.08.2019;702.0267
8.08.2019;705.3800
9.08.2019;707.1833
15.08.2019;709.6767
16.08.2019;707.4167
19.08.2019;706.7533
20.08.2019;709.6467
21.08.2019;713.3100
22.08.2019;708.8467
23.08.2019;710.3133
26.08.2019;714.8633
27.08.2019;722.0500
28.08.2019;724.9000
29.08.2019;728.2933
2.09.2019;745.2467
3.09.2019;755.4867
4.09.2019;759.5900
5.09.2019;764.0367
6.09.2019;757.5233
9.09.2019;745.0933
10.09.2019;743.1833
11.09.2019;739.4633
12.09.2019;751.7967
13.09.2019;750.1567
16.09.2019;743.5600
17.09.2019;744.7733
18.09.2019;742.0033
19.09.2019;740.3500
20.09.2019;738.4600
23.09.2019;749.0133
24.09.2019;756.6367
25.09.2019;759.9600
26.09.2019;751.7167
27.09.2019;744.1300
30.09.2019;742.5500
1.10.2019;734.6533
2.10.2019;728.9900
3.10.2019;731.1867
4.10.2019;735.6833
7.10.2019;729.9200
8.10.2019;726.5600
9.10.2019;728.7667
10.10.2019;732.6900
11.10.2019;727.7767
14.10.2019;729.7933
15.10.2019;726.4933
16.10.2019;723.5833
17.10.2019;720.9567
18.10.2019;717.0167
21.10.2019;716.2467
22.10.2019;715.9967
23.10.2019;717.8833
24.10.2019;720.0367
25.10.2019;727.0667
30.10.2019;726.9867
31.10.2019;728.2633
1.11.2019;732.8267
4.11.2019;732.2033
5.11.2019;739.3933
6.11.2019;728.9233
7.11.2019;730.6367
8.11.2019;724.2167
11.11.2019;713.9567
12.11.2019;707.8700
13.11.2019;710.1400
14.11.2019;713.9967
15.11.2019;709.2067
18.11.2019;705.2400
19.11.2019;712.3767
20.11.2019;714.9033
21.11.2019;718.2467
22.11.2019;722.0667
25.11.2019;719.2933
26.11.2019;716.1133
27.11.2019;714.4700
28.11.2019;719.6133
29.11.2019;714.5200
2.12.2019;717.6600
3.12.2019;721.0167
4.12.2019;716.2100
5.12.2019;722.2367
6.12.2019;715.7600
9.12.2019;713.9400
10.12.2019;714.1633
11.12.2019;713.1367
12.12.2019;719.0600
13.12.2019;721.4867
16.12.2019;725.5967
17.12.2019;726.3600
18.12.2019;725.2733
19.12.2019;703.5567
20.12.2019;724.8500
23.12.2019;726.7400
24.12.2019;730.8967
25.12.2019;731.2033
26.12.2019;732.4167
27.12.2019;730.7767
30.12.2019;733.7267
31.12.2019;742.4800
2.01.2020;745.8600
3.01.2020;757.6667
6.01.2020;766.2367
7.01.2020;766.2967
8.01.2020;762.2500
9.01.2020;757.4933
10.01.2020;753.2767
13.01.2020;762.9267
14.01.2020;757.8700
15.01.2020;755.0900
16.01.2020;769.6567
17.01.2020;779.2233
20.01.2020;776.7867
21.01.2020;781.2267
22.01.2020;771.6067
23.01.2020;773.1000
24.01.2020;776.6800
27.01.2020;782.4567
28.01.2020;783.1667
29.01.2020;778.5400
30.01.2020;784.5067
31.01.2020;771.8533
3.02.2020;777.0533
4.02.2020;765.0600
5.02.2020;765.7400
6.02.2020;771.6100
7.02.2020;773.8100
10.02.2020;778.7967
11.02.2020;777.9533
12.02.2020;773.8133
13.02.2020;781.3067
14.02.2020;780.8300
17.02.2020;790.2767
18.02.2020;791.3367
19.02.2020;798.8500
20.02.2020;816.8767
21.02.2020;812.9200
24.02.2020;828.1533
25.02.2020;816.0733
26.02.2020;802.7400
27.02.2020;795.3333
28.02.2020;780.8867
2.03.2020;751.9233
3.03.2020;749.1500
4.03.2020;752.1700
5.03.2020;759.6400
6.03.2020;755.9033
9.03.2020;758.0267
10.03.2020;743.9267
11.03.2020;748.3533
12.03.2020;745.5500
13.03.2020;733.7800
16.03.2020;687.8967
17.03.2020;655.3667
18.03.2020;649.0433
19.03.2020;650.8833
20.03.2020;644.2200
23.03.2020;661.7200
24.03.2020;694.6133
25.03.2020;710.8600
26.03.2020;729.5633
27.03.2020;720.9733
30.03.2020;721.1767
31.03.2020;704.3433
1.04.2020;707.9733
2.04.2020;707.6167
3.04.2020;717.1967
6.04.2020;731.2367
7.04.2020;739.9800
8.04.2020;738.6067
9.04.2020;741.2633
10.04.2020;740.2567
13.04.2020;735.3033
14.04.2020;754.4767
15.04.2020;760.8233
16.04.2020;766.5733
17.04.2020;766.8100
20.04.2020;761.4167
21.04.2020;761.0433
22.04.2020;761.7767
24.04.2020;769.7033
27.04.2020;773.7700
28.04.2020;764.5333
29.04.2020;749.1667
30.04.2020;771.2533
4.05.2020;759.6300
5.05.2020;753.3300
6.05.2020;757.9600
7.05.2020;758.1667
8.05.2020;758.6267
11.05.2020;758.8033
12.05.2020;765.4567
13.05.2020;764.2233
14.05.2020;765.4367
15.05.2020;765.0367
18.05.2020;785.5267
20.05.2020;793.1033
21.05.2020;791.5700
22.05.2020;788.4100
27.05.2020;782.3300
28.05.2020;779.9567
29.05.2020;760.0633
1.06.2020;777.0900
2.06.2020;777.2667
3.06.2020;756.7300
4.06.2020;759.0733
5.06.2020;760.9500
8.06.2020;747.8100
9.06.2020;754.8567
10.06.2020;752.9300
11.06.2020;751.6633
12.06.2020;755.9467
15.06.2020;751.8667
16.06.2020;736.3700
17.06.2020;754.8000
18.06.2020;760.2400
19.06.2020;748.0967
22.06.2020;763.4200
23.06.2020;764.6367
24.06.2020;773.0133
25.06.2020;767.5500
26.06.2020;753.4767
29.06.2020;768.9300
30.06.2020;753.3567
1.07.2020;777.5767
2.07.2020;762.0533
3.07.2020;772.3867
6.07.2020;755.5700
7.07.2020;770.8433
8.07.2020;779.8467
9.07.2020;771.6433
10.07.2020;788.7833
13.07.2020;788.4000
14.07.2020;765.2967
16.07.2020;779.8967
17.07.2020;774.6767
20.07.2020;757.9633
21.07.2020;781.2600
22.07.2020;793.4400
23.07.2020;803.4633
24.07.2020;800.8900
27.07.2020;807.7033
28.07.2020;824.9000
29.07.2020;825.8133
4.08.2020;823.7133
5.08.2020;824.5100
6.08.2020;852.1200
7.08.2020;862.3333
10.08.2020;842.3533
11.08.2020;849.3900
12.08.2020;824.8200
13.08.2020;820.8267
14.08.2020;807.1600
17.08.2020;824.8700
18.08.2020;840.0467
19.08.2020;819.5367
20.08.2020;811.8967
21.08.2020;813.7100
24.08.2020;796.9133
25.08.2020;828.6033
26.08.2020;810.3267
27.08.2020;814.9033
28.08.2020;822.0800
31.08.2020;816.3267
1.09.2020;824.0400
2.09.2020;826.0700
3.09.2020;813.7467
4.09.2020;811.7167
7.09.2020;807.6267
8.09.2020;804.1633
9.09.2020;808.5133
10.09.2020;814.2767
11.09.2020;815.3167
14.09.2020;800.1267
15.09.2020;823.6300
16.09.2020;829.2833
17.09.2020;827.2133
18.09.2020;828.6800
21.09.2020;815.9100
22.09.2020;805.6200
23.09.2020;794.4333
24.09.2020;780.9867
25.09.2020;781.4533
28.09.2020;768.9067
29.09.2020;789.4500
30.09.2020;793.0033
1.10.2020;794.0600
2.10.2020;802.8767
5.10.2020;801.1967
6.10.2020;799.4500
7.10.2020;777.0400
8.10.2020;787.4933
9.10.2020;794.0133
12.10.2020;798.0300
13.10.2020;799.2400
14.10.2020;787.3900
15.10.2020;784.5467
16.10.2020;797.5533
19.10.2020;795.5500
20.10.2020;789.0533
21.10.2020;796.1733
22.10.2020;791.0633
23.10.2020;800.9967
26.10.2020;790.3300
27.10.2020;789.5700
30.10.2020;781.0467
2.11.2020;790.4933
3.11.2020;800.9900
4.11.2020;791.1100
5.11.2020;805.0167
6.11.2020;811.1667
9.11.2020;803.3500
10.11.2020;779.8467
11.11.2020;786.4633
12.11.2020;781.3900
13.11.2020;789.7067
16.11.2020;790.7133
17.11.2020;798.2133
18.11.2020;793.0867
19.11.2020;795.5100
20.11.2020;801.7900
23.11.2020;793.6833
24.11.2020;780.6267
25.11.2020;783.4600
26.11.2020;784.8167
27.11.2020;781.4800
30.11.2020;762.7267
1.12.2020;780.1467
2.12.2020;796.3300
3.12.2020;797.0667
4.12.2020;803.3967
7.12.2020;792.2200
8.12.2020;801.4200
9.12.2020;798.6033
10.12.2020;789.4400
11.12.2020;791.5567
14.12.2020;788.5433
15.12.2020;794.1433
16.12.2020;797.9767
17.12.2020;804.0433
18.12.2020;804.8033
21.12.2020;799.5533
22.12.2020;797.0467
23.12.2020;792.1133
24.12.2020;794.4233
25.12.2020;800.3133
28.12.2020;803.9000
29.12.2020;801.6700
30.12.2020;807.2900
31.12.2020;814.6967
4.01.2021;830.8867
5.01.2021;829.0167
6.01.2021;833.1167
7.01.2021;823.1300
8.01.2021;824.1867
11.01.2021;795.7700
12.01.2021;809.7733
13.01.2021;808.8300
14.01.2021;815.1667
15.01.2021;816.6300
18.01.2021;808.4000
19.01.2021;818.5967
20.01.2021;817.8400
21.01.2021;829.0633
22.01.2021;814.8867
25.01.2021;820.5133
26.01.2021;815.5167
27.01.2021;812.5867
28.01.2021;806.2933
29.01.2021;820.7700
1.02.2021;829.1567
2.02.2021;823.9033
3.02.2021;820.6533
4.02.2021;811.7500
5.02.2021;819.2000
8.02.2021;832.8233
9.02.2021;846.0500
10.02.2021;851.4100
11.02.2021;859.6167
12.02.2021;846.5800
15.02.2021;865.6267
16.02.2021;864.6767
17.02.2021;839.1467
18.02.2021;849.2900
19.02.2021;843.9533
22.02.2021;851.3333
23.02.2021;849.0867
24.02.2021;851.6000
25.02.2021;843.0433
26.02.2021;818.8400
1.03.2021;824.4467
2.03.2021;814.4067
3.03.2021;819.9700
4.03.2021;801.8067
5.03.2021;797.2900
8.03.2021;797.5267
9.03.2021;810.3700
10.03.2021;814.8000
11.03.2021;834.0933
12.03.2021;817.3967
15.03.2021;830.5267
16.03.2021;834.1667
17.03.2021;825.6967
18.03.2021;833.4200
19.03.2021;827.4167
22.03.2021;818.8400
23.03.2021;826.8400
24.03.2021;826.9967
25.03.2021;818.0633
26.03.2021;826.0500
29.03.2021;831.5367
30.03.2021;815.4500
31.03.2021;821.4267
1.04.2021;833.3300
2.04.2021;837.9633
5.04.2021;835.4233
6.04.2021;842.1467
7.04.2021;844.1300
8.04.2021;843.3933
9.04.2021;835.0433
12.04.2021;827.5067
13.04.2021;819.7167
14.04.2021;825.1100
15.04.2021;826.8567
16.04.2021;833.8433
19.04.2021;842.3700
20.04.2021;825.1067
21.04.2021;832.0267
22.04.2021;839.0733
26.04.2021;837.8033
27.04.2021;843.2600
28.04.2021;828.9167
29.04.2021;833.1333
30.04.2021;830.3733
3.05.2021;830.4467
4.05.2021;845.9933
5.05.2021;838.6867
6.05.2021;848.0100
7.05.2021;860.4867
10.05.2021;863.6233
11.05.2021;847.9167
17.05.2021;854.5933
18.05.2021;853.5200
20.05.2021;846.3167
21.05.2021;848.9000
24.05.2021;842.3233
25.05.2021;845.3700
26.05.2021;856.6267
27.05.2021;847.4500
28.05.2021;848.2667
31.05.2021;850.4600
1.06.2021;851.6433
2.06.2021;849.4000
3.06.2021;846.3367
4.06.2021;836.3033
7.06.2021;846.7000
8.06.2021;845.2800
9.06.2021;842.7433
10.06.2021;835.0100
11.06.2021;843.7067
14.06.2021;835.8700
15.06.2021;839.4467
16.06.2021;834.5467
17.06.2021;808.8267
18.06.2021;807.1700
21.06.2021;797.1933
22.06.2021;804.3433
23.06.2021;812.3300
24.06.2021;809.5933
25.06.2021;815.2400
28.06.2021;812.1933
29.06.2021;805.0767
30.06.2021;796.9067
1.07.2021;809.0300
2.07.2021;816.8167
5.07.2021;818.4333
6.07.2021;829.6000
7.07.2021;823.8500
8.07.2021;821.3967
9.07.2021;822.4833
12.07.2021;826.6667
13.07.2021;829.7333
14.07.2021;838.1000
16.07.2021;841.8533
26.07.2021;818.5800
27.07.2021;817.9533
28.07.2021;814.1200
29.07.2021;822.8433
30.07.2021;813.1533
2.08.2021;811.9467
3.08.2021;811.0433
4.08.2021;813.1133
5.08.2021;802.8767
6.08.2021;796.5200
9.08.2021;781.1300
10.08.2021;781.0533
11.08.2021;787.5033
12.08.2021;796.8467
13.08.2021;797.1867
16.08.2021;798.6533
17.08.2021;802.1067
18.08.2021;797.8833
19.08.2021;790.4367
20.08.2021;796.5767
23.08.2021;806.3100
24.08.2021;807.4167
25.08.2021;801.1033
26.08.2021;794.3567
27.08.2021;798.5833
31.08.2021;798.0600
1.09.2021;803.2467
2.09.2021;797.5067
3.09.2021;798.4533
6.09.2021;807.8233
7.09.2021;800.6267
8.09.2021;793.4867
9.09.2021;790.3333
10.09.2021;788.8967
13.09.2021;783.0400
14.09.2021;780.7167
15.09.2021;780.4733
16.09.2021;776.8367
17.09.2021;777.5500
20.09.2021;767.3233
21.09.2021;775.5100
22.09.2021;789.2900
23.09.2021;791.0367
24.09.2021;783.7667
27.09.2021;786.7733
28.09.2021;781.0700
29.09.2021;780.5267
30.09.2021;778.7400
1.10.2021;790.5367
4.10.2021;783.3867
5.10.2021;789.0800
6.10.2021;787.8767
7.10.2021;797.9133
8.10.2021;809.1167
11.10.2021;810.7333
12.10.2021;805.3167
13.10.2021;807.4000
14.10.2021;822.5333
15.10.2021;820.3733
18.10.2021;813.7267
19.10.2021;819.9300
20.10.2021;814.8067
21.10.2021;817.2467
22.10.2021;826.1733
25.10.2021;823.7600
26.10.2021;825.0900
27.10.2021;812.9400
1.11.2021;820.4833
2.11.2021;825.8067
3.11.2021;819.3600
4.11.2021;819.3033
5.11.2021;822.8000
8.11.2021;830.6700
9.11.2021;836.8000
10.11.2021;837.1767
11.11.2021;856.7533
12.11.2021;858.3400
15.11.2021;863.9200
16.11.2021;874.6300
17.11.2021;867.6467
18.11.2021;868.9967
19.11.2021;863.0200
22.11.2021;856.3633
23.11.2021;835.0000
24.11.2021;829.3433
25.11.2021;835.4133
26.11.2021;836.5467
29.11.2021;826.1100
30.11.2021;818.3400
1.12.2021;813.9933
2.12.2021;807.6133
3.12.2021;808.1600
6.12.2021;809.1500
7.12.2021;817.6567
8.12.2021;818.9900
9.12.2021;811.5667
10.12.2021;808.4367
13.12.2021;812.5633
14.12.2021;808.0233
15.12.2021;799.7933
16.12.2021;809.8067
17.12.2021;816.5067
20.12.2021;809.4933
21.12.2021;816.4300
22.12.2021;814.3733
23.12.2021;823.7533
24.12.2021;818.6333
27.12.2021;817.0433
28.12.2021;821.4500
29.12.2021;822.0633
30.12.2021;822.1133
31.12.2021;825.0933
3.01.2022;829.2900
4.01.2022;819.8700
5.01.2022;832.4567
6.01.2022;826.2867
7.01.2022;821.4233
10.01.2022;819.4533
11.01.2022;819.3067
12.01.2022;826.1667
13.01.2022;826.2867
14.01.2022;823.5233
17.01.2022;823.0933
18.01.2022;820.8667
19.01.2022;832.0733
20.01.2022;853.2967
21.01.2022;850.3133
24.01.2022;850.7333
25.01.2022;847.7400
26.01.2022;861.8600
27.01.2022;848.9933
28.01.2022;839.4033
31.01.2022;845.8433
1.02.2022;855.3333
2.02.2022;846.2233
3.02.2022;842.5533
4.02.2022;839.2000
7.02.2022;830.6667
8.02.2022;833.0267
9.02.2022;844.3133
10.02.2022;841.9067
11.02.2022;841.5433
14.02.2022;852.9700
15.02.2022;853.2700
16.02.2022;855.4100
17.02.2022;876.5033
18.02.2022;876.3500
21.02.2022;879.0367
22.02.2022;881.7400
23.02.2022;883.8367
24.02.2022;918.3000
25.02.2022;891.0333
28.02.2022;891.9367
1.03.2022;895.0200
2.03.2022;900.6367
3.03.2022;917.8633
4.03.2022;924.2700
7.03.2022;959.2033
8.03.2022;975.2500
9.03.2022;965.7600
10.03.2022;947.3533
11.03.2022;928.9067
14.03.2022;920.3133
15.03.2022;901.9900
16.03.2022;895.3467
17.03.2022;902.7433
18.03.2022;906.0100
21.03.2022;898.8133
22.03.2022;899.8333
23.03.2022;903.3633
24.03.2022;907.5933
25.03.2022;909.8833
28.03.2022;891.6167
29.03.2022;876.1033
30.03.2022;883.8700
31.03.2022;879.9367
1.04.2022;888.7867
4.04.2022;886.1067
5.04.2022;888.4667
6.04.2022;888.0800
7.04.2022;886.2367
8.04.2022;897.1367
11.04.2022;909.4200
12.04.2022;901.7733
13.04.2022;916.7433
14.04.2022;914.3600
15.04.2022;917.1167
18.04.2022;928.6367
19.04.2022;931.6033
20.04.2022;910.9167
21.04.2022;907.4967
22.04.2022;891.6733
25.04.2022;884.0967
26.04.2022;885.8833
27.04.2022;893.0100
28.04.2022;891.7933
29.04.2022;909.4433
5.05.2022;918.8533
6.05.2022;905.7800
9.05.2022;895.9200
10.05.2022;905.3233
11.05.2022;901.7633
12.05.2022;900.2700
13.05.2022;892.5933
16.05.2022;885.4900
17.05.2022;895.1900
18.05.2022;886.5833
20.05.2022;895.9233
23.05.2022;899.5933
24.05.2022;887.2767
25.05.2022;879.3367
26.05.2022;876.5000
27.05.2022;882.1633
30.05.2022;882.9833
31.05.2022;884.0467
1.06.2022;884.8833
2.06.2022;890.8233
3.06.2022;896.6767
6.06.2022;902.0733
7.06.2022;896.3600
8.06.2022;895.6333
9.06.2022;889.6033
10.06.2022;887.6167
13.06.2022;892.3633
14.06.2022;886.4100
15.06.2022;891.8767
16.06.2022;891.3733
17.06.2022;902.4400
20.06.2022;890.6900
21.06.2022;885.1000
22.06.2022;879.5267
23.06.2022;880.2000
24.06.2022;875.6100
27.06.2022;876.4167
28.06.2022;875.7200
29.06.2022;872.5800
30.06.2022;871.3700
1.07.2022;859.1833
4.07.2022;868.9267
5.07.2022;864.5767
6.07.2022;861.1267
7.07.2022;860.7333
13.07.2022;852.2700
14.07.2022;855.0967
18.07.2022;863.3800
19.07.2022;858.4800
20.07.2022;854.6233
21.07.2022;844.4367
22.07.2022;860.0800
25.07.2022;861.7900
26.07.2022;857.8100
27.07.2022;860.6267
28.07.2022;873.5533
29.07.2022;874.2600
1.08.2022;879.6167
2.08.2022;881.5100
3.08.2022;876.7200
4.08.2022;889.1333
5.08.2022;896.6667
8.08.2022;891.7267
9.08.2022;899.0933
10.08.2022;894.5967
11.08.2022;900.6833
12.08.2022;893.5233
15.08.2022;889.2533
16.08.2022;892.4900
17.08.2022;894.5700
18.08.2022;889.5867
19.08.2022;881.0767
22.08.2022;870.4867
23.08.2022;879.0733
24.08.2022;888.9700
25.08.2022;893.0000
26.08.2022;883.2333
29.08.2022;879.7433
31.08.2022;860.6467
1.09.2022;853.7433
2.09.2022;853.0467
5.09.2022;863.7333
6.09.2022;868.0667
7.09.2022;866.9733
8.09.2022;876.4400
9.09.2022;875.6433
12.09.2022;872.8100
13.09.2022;871.9633
14.09.2022;867.3800
15.09.2022;875.0933
16.09.2022;861.3967
19.09.2022;868.4133
20.09.2022;874.8367
21.09.2022;876.8533
22.09.2022;877.2700
23.09.2022;866.7433
26.09.2022;866.3933
27.09.2022;868.3967
28.09.2022;862.2833
29.09.2022;877.4500
30.09.2022;877.2833
3.10.2022;873.0533
4.10.2022;898.1233
5.10.2022;894.1133
6.10.2022;895.2233
7.10.2022;901.7167
10.10.2022;892.1900
11.10.2022;886.4600
12.10.2022;887.3033
13.10.2022;884.8433
14.10.2022;885.0833
17.10.2022;887.6500
18.10.2022;883.7733
19.10.2022;866.2867
20.10.2022;865.3667
21.10.2022;867.9767
24.10.2022;883.5500
25.10.2022;870.5033
26.10.2022;883.1200
27.10.2022;876.2100
31.10.2022;863.5300
1.11.2022;880.7600
2.11.2022;884.3467
3.11.2022;864.7067
4.11.2022;888.8567
7.11.2022;901.7400
8.11.2022;892.7167
9.11.2022;906.1333
10.11.2022;905.8767
11.11.2022;934.0933
14.11.2022;906.6567
15.11.2022;909.9567
16.11.2022;904.0667
17.11.2022;892.6967
18.11.2022;890.7233
21.11.2022;883.1467
22.11.2022;898.6200
23.11.2022;890.0333
24.11.2022;892.1000
25.11.2022;884.3233
28.11.2022;887.3467
29.11.2022;888.7867
30.11.2022;900.5567
1.12.2022;910.3133
2.12.2022;907.2033
5.12.2022;897.9667
6.12.2022;884.1500
7.12.2022;884.8100
8.12.2022;890.4733
9.12.2022;893.9267
12.12.2022;892.6267
13.12.2022;892.4400
14.12.2022;901.3100
15.12.2022;883.7633
16.12.2022;879.5767
19.12.2022;884.4933
20.12.2022;886.8833
21.12.2022;889.7533
22.12.2022;889.9600
23.12.2022;883.9033
26.12.2022;893.5633
27.12.2022;891.7467
28.12.2022;893.7600
29.12.2022;891.9033
30.12.2022;906.6900
2.01.2023;909.0433
3.01.2023;920.7767
4.01.2023;932.6067
5.01.2023;928.5267
6.01.2023;918.4400
9.01.2023;943.3500
10.01.2023;929.4233
11.01.2023;931.5100
12.01.2023;924.9433
13.01.2023;924.0467
16.01.2023;923.2100
17.01.2023;919.8233
18.01.2023;921.9700
19.01.2023;910.0433
20.01.2023;919.0133
23.01.2023;919.6467
24.01.2023;923.2933
25.01.2023;917.5167
26.01.2023;917.2700
27.01.2023;907.9667
30.01.2023;908.3733
31.01.2023;897.7367
1.02.2023;909.0100
2.02.2023;917.6933
3.02.2023;897.5333
6.02.2023;883.6033
7.02.2023;889.0333
8.02.2023;898.1600
9.02.2023;891.8233
10.02.2023;885.8067
13.02.2023;880.3900
14.02.2023;882.8600
15.02.2023;864.0400
16.02.2023;864.5233
17.02.2023;862.7633
20.02.2023;874.2333
21.02.2023;869.5433
22.02.2023;880.3567
23.02.2023;880.6200
24.02.2023;872.3767
27.02.2023;868.6567
28.02.2023;875.1433
1.03.2023;883.9300
